{"cameraMode":{"drawMode":0,"name":"Shaded","section":"Shading Mode"},"sceneLighting":false,"audioPlay":false,"sceneViewState":{"m_AlwaysRefresh":false,"showFog":true,"showSkybox":false,"showFlares":true,"showImageEffects":true,"showParticleSystems":true,"showVisualEffectGraphs":true,"m_FxEnabled":true},"in2DMode":false,"pivot":{"x":-0.11552411317825318,"y":-0.34138423204421999,"z":1.6134164333343506},"rotation":{"x":-0.14158573746681214,"y":0.17336788773536683,"z":-0.025193627923727037,"w":-0.9743036031723023},"size":1.0945552587509156,"orthographic":false}