{"cameraMode":{"drawMode":0,"name":"Shaded","section":"Shading Mode"},"sceneLighting":false,"audioPlay":false,"sceneViewState":{"m_AlwaysRefresh":false,"showFog":true,"showSkybox":false,"showFlares":true,"showImageEffects":true,"showParticleSystems":true,"showVisualEffectGraphs":true,"m_FxEnabled":true},"in2DMode":false,"pivot":{"x":0.2720685601234436,"y":0.23795267939567567,"z":-3.0624728202819826},"rotation":{"x":-0.016459913924336435,"y":0.9833725094795227,"z":-0.11768539994955063,"w":-0.13747307658195496},"size":3.619196653366089,"orthographic":false}