{"cameraMode":{"drawMode":0,"name":"Shaded","section":"Shading Mode"},"sceneLighting":false,"audioPlay":false,"sceneViewState":{"m_AlwaysRefresh":false,"showFog":true,"showSkybox":false,"showFlares":true,"showImageEffects":true,"showParticleSystems":true,"showVisualEffectGraphs":true,"m_FxEnabled":true},"in2DMode":false,"pivot":{"x":-0.05884541571140289,"y":0.431244432926178,"z":0.2653239071369171},"rotation":{"x":0.00757877342402935,"y":-0.35478997230529787,"z":0.0028871865943074228,"w":0.9349393248558044},"size":0.6254742741584778,"orthographic":false}