{"cameraMode":{"drawMode":0,"name":"Shaded","section":"Shading Mode"},"sceneLighting":false,"audioPlay":false,"sceneViewState":{"m_AlwaysRefresh":false,"showFog":true,"showSkybox":false,"showFlares":true,"showImageEffects":true,"showParticleSystems":true,"showVisualEffectGraphs":true,"m_FxEnabled":true},"in2DMode":false,"pivot":{"x":0.8245537281036377,"y":0.018875017762184144,"z":0.27869337797164919},"rotation":{"x":-0.20083267986774445,"y":0.6401146650314331,"z":-0.17861473560333253,"w":-0.7197600603103638},"size":0.5762012004852295,"orthographic":false}