{"cameraMode":{"drawMode":0,"name":"Shaded","section":"Shading Mode"},"sceneLighting":false,"audioPlay":false,"sceneViewState":{"m_AlwaysRefresh":false,"showFog":true,"showSkybox":false,"showFlares":true,"showImageEffects":true,"showParticleSystems":true,"showVisualEffectGraphs":true,"m_FxEnabled":true},"in2DMode":false,"pivot":{"x":-0.5602463483810425,"y":-0.2159327119588852,"z":0.43988990783691409},"rotation":{"x":-0.22523966431617738,"y":0.4980310797691345,"z":-0.13575126230716706,"w":-0.8263423442840576},"size":0.8755513429641724,"orthographic":false}