{"cameraMode":{"drawMode":0,"name":"Shaded","section":"Shading Mode"},"sceneLighting":false,"audioPlay":false,"sceneViewState":{"m_AlwaysRefresh":false,"showFog":true,"showSkybox":false,"showFlares":true,"showImageEffects":true,"showParticleSystems":true,"showVisualEffectGraphs":true,"m_FxEnabled":true},"in2DMode":false,"pivot":{"x":0.5386549234390259,"y":-0.06536364555358887,"z":0.9746721386909485},"rotation":{"x":-0.24060718715190888,"y":0.41992348432540896,"z":-0.116492860019207,"w":-0.8673180341720581},"size":1.0245343446731568,"orthographic":false}